{
    "synapse0": [
        [
            -1.7615947401785534,
            1.5424574991814586
        ],
        [
            0.5890977839464263,
            -1.1416115578949717
        ],
        [
            1.2228025164736214,
            -0.7137137956548292
        ],
        [
            -2.6922210429453672,
            2.16647535226972
        ],
        [
            -2.355376611776199,
            2.7358560778663237
        ],
        [
            1.3941648776854212,
            -0.9075070506727324
        ],
        [
            -2.2671662521724154,
            2.7480880962650835
        ],
        [
            3.7114523870258838,
            -3.671027536880252
        ],
        [
            4.306099539668977,
            -4.480113786928385
        ],
        [
            -1.4686781054738995,
            1.2201941724981225
        ]
    ],
    "synapse1": [
        [
            0.12528999390000664,
            0.24587985952628807,
            -1.2378312272858418,
            0.09238581845890138,
            0.1103232540641671,
            -1.2321546066476556,
            -0.19968974085742602,
            -1.2005731272070177,
            -0.8828176769447922,
            0.34921370232057514
        ],
        [
            0.7481424535211438,
            -0.23735888465444138,
            -1.3312450796348023,
            2.0391008855772603,
            0.7929520397263262,
            -0.7482369893950874,
            1.0952815318975853,
            -2.1968854389026418,
            -2.55682950774341,
            0.2944085289770119
        ],
        [
            0.6534836727981764,
            0.8553080138858417,
            -0.49077743603886603,
            0.4670928250864039,
            1.0067802605399214,
            0.637259674460802,
            -0.6118122254156899,
            -1.1551234182839971,
            -0.9305936632993038,
            0.8306527618860072
        ],
        [
            -0.6527782994593476,
            -0.2066584867373105,
            0.7529846982612486,
            0.28607478810860404,
            0.6154382761498793,
            -0.5449208078073369,
            0.44119808553441275,
            0.360188601898952,
            -1.0999527826654285,
            0.6358278023976545
        ],
        [
            1.0854926700823835,
            0.3330938957415522,
            -0.5887926841567596,
            0.6491116731694861,
            -0.4498766280845822,
            -0.23312527615695924,
            1.1170212441967478,
            -0.7546346498677308,
            -0.8231689971271067,
            -0.5435974360568931
        ],
        [
            -1.007750795478284,
            0.3499549051449802,
            -0.5125723034820815,
            -0.591375936374102,
            -0.18304404399582028,
            -0.804371637498444,
            0.0736473934611512,
            -0.5370147032738471,
            0.29718947724614503,
            0.28433497442160155
        ],
        [
            -0.9353619017604318,
            -0.16367007305093006,
            0.49064712517044046,
            -0.43795404214660255,
            -0.965541287828005,
            0.22398750361749123,
            0.18560028632575254,
            0.2927933322083356,
            1.0096798363826722,
            -0.004168023147552974
        ],
        [
            1.0980498150706115,
            -0.9198197190655416,
            -0.9595072824190026,
            1.1025032506142909,
            0.612165146401002,
            -1.086123401951387,
            1.2828069971792995,
            -1.1961628618021,
            -0.17472841913381798,
            0.7235762050147732
        ],
        [
            0.5496487881277081,
            0.29533265646636897,
            0.5876807423424691,
            -0.5133117405176953,
            -0.5743823947829907,
            0.8648048852739156,
            -0.40918057653171974,
            1.11378061353427,
            0.7874047902858288,
            0.05793875072666322
        ],
        [
            -0.9874714483771612,
            0.9469667597692913,
            -0.01437985875232557,
            -0.05432919569912363,
            -0.297964572790491,
            -0.452913590632161,
            0.5413960848501965,
            0.331459492582067,
            -0.5337375512887496,
            0.04883713754986816
        ],
        [
            -0.5173874781501122,
            0.1401609798435884,
            0.8797507018338474,
            -0.5744151073211827,
            0.5017329802111391,
            0.35664348033925736,
            -1.3245709181685992,
            1.041627684650744,
            0.6092586704338104,
            0.8117862062041948
        ],
        [
            -0.8722823775932544,
            -0.6777402583870956,
            0.9509868003621219,
            0.1825278985064129,
            -0.982237832868918,
            0.5839585540867147,
            0.2423894206481858,
            1.03014959033047,
            0.8835713119058761,
            -0.9369107657472548
        ],
        [
            -0.598218834315915,
            -1.0930153605795572,
            -1.0538234050275517,
            -0.006251976802639637,
            1.128050950599556,
            -0.2871827700076578,
            0.3186498999614059,
            0.0717164440305295,
            -1.3703699122147042,
            -0.25602844218930365
        ],
        [
            0.32204657579111223,
            0.8903177598919334,
            -0.040733923528325354,
            -0.7429612030915416,
            0.8329493936101652,
            -0.7100035221374222,
            0.6824066214087906,
            -0.5333414537674563,
            0.5905543717650478,
            0.6297824579820888
        ],
        [
            0.02766932145540075,
            -0.744811343869906,
            -0.8396366847954979,
            -0.8074362015477966,
            -0.942789771886608,
            -0.67975592629767,
            -0.5760962058154305,
            0.6478475763414199,
            0.26751584161387254,
            -1.0174351596673061
        ],
        [
            -0.8655164927484307,
            0.915426210548559,
            0.1589294396334194,
            -0.5993972475267023,
            -0.5137616907695812,
            0.554715329923361,
            -0.5989060561325024,
            0.22065120751423145,
            0.956041675056099,
            0.6593126261813783
        ],
        [
            -0.5525647488515005,
            -0.1674800331707357,
            0.1920775781921378,
            0.4622022341664678,
            -0.40819405766787836,
            -0.939565232367487,
            -0.7021144786648165,
            -0.10615761664931751,
            -0.06557042659210317,
            0.15677018972797224
        ],
        [
            -0.41541876335756084,
            0.981242854980747,
            0.21096109766225754,
            -0.28027587373678736,
            -0.08439505525924507,
            0.5364449473761316,
            0.16607165514315247,
            -0.2705816349994002,
            -0.6500991631720963,
            -0.3083124629933181
        ],
        [
            0.4068835555659792,
            -0.6834073406146611,
            0.28806527891097866,
            -0.6195168975220984,
            0.05336699367795415,
            0.3919479369836025,
            -0.30908296060517737,
            -0.1659874010749192,
            -0.2514144092727639,
            1.0368505135191568
        ],
        [
            -0.7807765759339401,
            -0.8240639292666151,
            0.6631499764181944,
            0.2346718027401038,
            0.39414500154192916,
            1.023768808167284,
            -1.423248320969482,
            0.24675668281878094,
            0.5858393032457982,
            0.6181858645989345
        ],
        [
            0.9200865067945883,
            -0.12292822287083728,
            0.6657530486045795,
            0.16982044670655805,
            0.3122405372702951,
