{
    "synapse0": [
        [
            2.3434679987638205,
            -3.380329306338074
        ],
        [
            -1.5556955026599053,
            1.8749642128428765
        ],
        [
            -2.0918641460488723,
            1.6711867815127726
        ],
        [
            1.0158397731037936,
            -0.07462577319615002
        ],
        [
            3.8333304743070213,
            -4.137406621155487
        ],
        [
            -0.6883290347738719,
            0.9660933405355072
        ],
        [
            1.3670938971558733,
            -0.7842185062219958
        ],
        [
            -2.615958814221679,
            2.2380492451075034
        ],
        [
            3.153795869233835,
            -2.814675185995382
        ],
        [
            -2.5774242149281066,
            2.415229237193843
        ]
    ],
    "synapse1": [
        [
            -0.3667534215094345,
            0.6614360260341751,
            -0.8364811788062481,
            -0.4295877513068386,
            -0.9920424612659551,
            -0.7225352608292975,
            -0.8166771805750582,
            -0.19503344073514722,
            -0.46221975089018336,
            0.18084529065021057
        ],
        [
            -0.36048829160914486,
            0.43683794171045814,
            -0.4829291648180178,
            0.6392857674364999,
            -1.1316577708508584,
            0.38401757471632203,
            -0.41798817774621705,
            0.18624107521399494,
            -0.7794465878306018,
            -0.3264983970790943
        ],
        [
            1.090227653888673,
            0.528420531950347,
            -0.7544129512517235,
            0.500973295471399,
            1.147378372158887,
            0.7344076797456521,
            -0.5218944295415103,
            -1.3202229397463354,
            -0.2216118527468707,
            0.2703699312156032
        ],
        [
            -2.4657458037468234,
            1.2395671114477094,
            1.7211162524748314,
            -0.5009319818372588,
            -1.6056921128008705,
            0.15701162994330942,
            -1.0321052251134721,
            1.8008011820935272,
            -2.836614402271268,
            2.249536756007019
        ],
        [
            0.7788448573972393,
            0.5627302496766038,
            -0.33094568015223996,
            0.4616095515575967,
            -0.9799809440914352,
            -0.06113039328867364,
            0.5645932237057272,
            -0.34391028493014664,
            -0.48466978784837556,
            -0.4626442310122995
        ],
        [
            -0.6362141364144706,
            0.651051962552748,
            -0.40139731416739965,
            -0.5354209704496109,
            -0.061702113991694924,
            -0.7033732290108483,
            -0.08713477372601533,
            -0.5833991904446266,
            -0.21004500571053367,
            0.707593421187299
        ],
        [
            -0.9193428347437667,
            0.37339129374696045,
            0.788316439106753,
            -0.28391334041665583,
            -1.3756100725882456,
            0.3023549755904635,
            -0.11911708699907401,
            0.41699560955809045,
            0.28974263035159525,
            0.6882057782739699
        ],
        [
            1.2558674708201212,
            -0.9769490131423896,
            -0.9456169753172685,
            0.6605401676954571,
            0.2260222318990981,
            -0.7099520887705701,
            1.0663535535206543,
            -0.5685420062066879,
            0.7124150083852443,
            0.2449769745763585
        ],
        [
            0.6941935374290917,
            0.13340897898528908,
            0.337205501542468,
            -0.3451412971093368,
            -0.5329721739193929,
            0.7589164432485439,
            -0.17881499607894652,
            0.752037827996561,
            0.47246500674927605,
            0.23653552680336445
        ],
        [
            -0.38927271425011883,
            0.4640559041058822,
            -0.2776938488879619,
            0.18400629856527512,
            0.31476539343679805,
            -0.6904257382684368,
            0.8973418680453772,
            -0.2617880985659121,
            -0.49954856772095835,
            -0.021692871624973603
        ],
        [
            0.5491292621805614,
            -0.48725488076816703,
            0.24670643682073395,
            -0.17975332242092046,
            1.6323393241392565,
            -0.08108746733098571,
            -0.6617246170227145,
            0.11477684019730522,
            1.0504961754741435,
            0.37296092887665183
        ],
        [
            -0.507350794793355,
            -0.9216294339571754,
            0.36274351177557523,
            0.3382307828058231,
            -0.37893158532909493,
            0.4722121016641723,
            0.31513607471340127,
            0.2699968918906728,
            0.5686767874689727,
            -0.8516212546076959
        ],
        [
            -0.6351877844754735,
            -0.6541971295715953,
            -0.7680405701259191,
            -0.5740921539879714,
            0.6752074648134174,
            0.2675638094383127,
            -0.12972602733850983,
            0.8072054444629645,
            -1.140309449277313,
            -0.13355594083227848
        ],
        [
            0.2979772183497924,
            0.7588571205964857,
            -0.15078526371974216,
            -0.8886942969737406,
            0.7148703451584993,
            -0.6099899998210494,
            0.8318107978964961,
            -0.4707823964943712,
            0.9328861852523069,
            0.21008874710834055
        ],
        [
            -0.011531224418582198,
            -0.1818102305708034,
            -0.4806484973243139,
            -0.8695849679889793,
            -1.3864132333908965,
            -0.5544495780283704,
            -0.9952877002229351,
            0.8131953462068211,
            -0.4800129175217465,
            -0.45979234241179284
        ],
        [
            -0.3414473218277955,
            0.8281041880254216,
            -0.21145872211308747,
            -0.5149334428949631,
            -0.17857127647388968,
            0.3243237079900942,
            -0.3930909674180273,
            -0.17223270083321698,
            1.1140315404002206,
            0.32795552982018356
        ],
        [
            -0.07124084146046736,
            -0.26435899289740145,
            0.015741766943976398,
            0.7037193893767669,
            -0.2557486527798039,
            -1.0035080786496184,
            -0.6486193198329326,
            -0.2913835038236464,
            0.42344972541959164,
            -0.06931612195157824
        ],
        [
            -0.6881641941708324,
            1.588910567849665,
            0.6671728978618209,
            -0.46893863956874327,
            -0.5600535094913249,
            0.7643135799319634,
            -0.3608383730127571,
            -0.014082080910424745,
            -1.526997677794213,
            0.532562717849354
        ],
        [
            0.10499170458107163,
            -0.4164658496532058,
            0.35311861087324187,
            -0.9437145026543773,
            -0.35343757718786095,
            0.5829848060861678,
            -0.781309555943567,
            0.11005645546803586,
            -0.23350201431178272,
            1.0675802139275183
        ],
        [
            -0.024342818781418817,
            -1.1199762400668298,
            0.24596225675855285,
            0.590113649362903,
            1.2463002629350741,
            0.8232836553892389,
            -0.7607604613201833,
            -0.7953495534548604,
            0.4443475161162462,
            0.6910136452507001
        ],
        [
            1.3494158787385135,
            -0.13859204504454956,
            0.6070430297137634,
            0.3288900081690792,
