{
    "synapse0": [
        [
            -2.334599349131575,
            2.8077693875875873,
            0.38255675636529785,
            -3.4526226392862096
        ],
        [
            -2.961943848199212,
            2.2917663713199232,
            -3.2377574061197114,
            2.4345360670631866
        ],
        [
            4.561666475909779,
            -3.847691755113612,
            -4.6580227868212685,
            0.3213138553971993
        ],
        [
            -1.2340854677600666,
            3.070008397002042,
            -1.3447644708076119,
            -1.663377462242414
        ],
        [
            0.0928392472673997,
            0.7148113938013042,
            -1.130078077426988,
            1.5038944982226976
        ],
        [
            1.2800007394174389,
            -1.8785531708591963,
            1.20625380401528,
            -6.341648556492759
        ],
        [
            -2.320112588200882,
            0.42281451288710203,
            -1.6537886927028895,
            1.8479133082200438
        ],
        [
            -3.431855139447255,
            -2.8539293005685504,
            2.449554759392512,
            1.4437455604438048
        ],
        [
            -3.301585536714554,
            -3.635331496750628,
            3.705068194534941,
            -0.11361031737243202
        ],
        [
            0.5744182664338541,
            -0.9097854918930138,
            -2.562640176022458,
            -0.6140237876616059
        ]
    ],
    "synapse1": [
        [
            -0.47215571986836935,
            -0.5035327289674887,
            -0.6941194688347351,
            -1.174915783006686,
            -1.0640693794957132,
            -0.031591455814894205,
            -1.1382432549631119,
            -0.9178338156493366,
            -0.474815062776038,
            0.013094200028184923
        ],
        [
            -0.2782639557667399,
            -0.04005369034009851,
            -0.9368258952688973,
            0.44207301380085395,
            -0.9597669469532474,
            0.6798944430341045,
            -0.3938511872936443,
            0.39962455627184185,
            -0.24491131005095215,
            -0.8130968550099503
        ],
        [
            1.34939091697536,
            0.7115486188242682,
            -0.2359562794031968,
            0.6018659087384037,
            0.5239921605891991,
            1.5010921049681336,
            -0.707693228332083,
            -1.9816262707065297,
            -2.0221548112170202,
            0.8013002152025702
        ],
        [
            -0.9928530770340827,
            -0.6914737747080779,
            1.567161236563516,
            -0.3990884993432925,
            0.04071520012012435,
            0.07580319398235545,
            0.09069896967261454,
            -0.2219488253210045,
            -1.7060882693075632,
            0.6450491950911321
        ],
        [
            0.86106919323965,
            0.08583861762606397,
            -0.7848424106031217,
            0.26439679792193993,
            -0.8080901201938157,
            0.23474647502909196,
            0.588730214158298,
            -0.13052680387230622,
            0.04986548993127948,
            -0.9492426889431526
        ],
        [
            -0.023817559934959175,
            0.6663855579834642,
            -1.0909305799840727,
            0.21373306543355947,
            0.09739920233861575,
            -0.6261680637756456,
            0.5527564456029407,
            -0.875078518244895,
            -0.4405397525436195,
            0.2997713631844134
        ],
        [
            -0.7327335406794587,
            -0.7838158701837282,
            0.19551105295755072,
            -1.147546292258736,
            -1.1565190854012857,
            0.8941280141676838,
            -0.03334256617268984,
            0.4018277091179434,
            1.642750716821753,
            0.109437477084223
        ],
        [
            1.7442523549002262,
            -0.41633609960386014,
            -1.235634117482669,
            1.2974223241081615,
            -0.0903934422509929,
            -0.40218475977592505,
            1.259538395410983,
            -0.47300394856549727,
            -0.11752662007787737,
            0.35225061384345396
        ],
        [
            0.06197579203267675,
            0.5522894492987933,
            0.2481111407063198,
            -0.67584110632908,
            0.15568652586780213,
            -0.17689808602131943,
            0.38339563491092915,
            1.6712708831711802,
            0.7931458034092678,
            0.14261411652009467
        ],
        [
            -1.358491459898836,
            1.6144162437353569,
            -0.008219065656535667,
            0.09730329747053544,
            0.4466464812094147,
            -1.8335759846046757,
            1.5624330883207282,
            0.606704862838631,
            -1.0023113509239048,
            0.34281233652302107
        ],
        [
            -1.1242403469615885,
            0.23586490611823643,
            1.5152230422676598,
            -0.8103554805880626,
            1.1044041497456338,
            -0.6161377815368974,
            -0.49498635280120373,
            0.42702018786583046,
            -0.36892299394831946,
            1.247928775385739
        ],
        [
            -0.8448657280095258,
            -1.2594175254604314,
            1.5165731023368392,
            -0.07178274630952394,
            -1.2110386823366979,
            0.9556980371751531,
            0.22544949123194247,
            -0.04515109802278387,
            -0.3196153067390089,
            -0.6066975108544734
        ],
        [
            -0.12011198014972224,
            -1.7412545736704523,
            -1.8800151301024206,
            -0.9585876955134183,
            0.17629604616629857,
            1.7628553441404402,
            -0.7286590607464147,
            1.4879655493422355,
            0.7526246640621065,
            -0.7585883203802481
        ],
        [
            -0.4164648628890373,
            1.6546292229605635,
            0.2140171058950006,
            -1.0221813525578258,
            1.2316382210480785,
            -1.8416813974086903,
            1.3698844384337787,
            0.23506717762240326,
            0.7190317041326424,
            0.602765794755947
        ],
        [
            1.06926120472486,
            -1.1102734049708916,
            -1.471062332387677,
            -0.8941610602569956,
            -1.4401139607608733,
            0.5612220509920439,
            -1.154423548874351,
            0.9476368260080529,
            1.1493971851719667,
            -1.0825438849046027
        ],
        [
            0.08139708370342065,
            1.243267152104194,
            -0.37798588814431067,
            0.08922621601109146,
            -0.38109562708141137,
            0.7547585541403795,
            -0.20461980316244296,
            -0.005817813509996121,
            0.32088915182643657,
            0.5939122461226128
        ],
        [
            0.30049105804629167,
            -0.11423877049249039,
            -0.62000576995337,
            1.0264396868084174,
            -0.5867064602790035,
            -0.35678132697769194,
            -0.6838952699705373,
            0.08639945319788965,
            0.06782290971505218,
            -0.1713423158642083
        ],
        [
            0.5721733429687692,
            1.2859468009285477,
            -0.3546963734926011,
            0.4429220919362092,
            0.21614932201373302,
            0.7577757078031978,
            0.7429870215252791,
            -0.6386965527308965,
            -1.486481157493294,
            -0.35957696102923636
        ],
        [
            0.14278202946979401,
            -0.9901446713039374,
            0.15978071274569094,
            -1.1810888962728046,
            -0.493911936192023,
            0.9484685501639909,
