{
    "synapse0": [
        [
            1.8963212195837034,
            1.8374439226627381,
            3.06990825028659,
            -6.170608151810861,
            -3.4640882293288167
        ],
        [
            -0.864513635352736,
            -0.11595213213260233,
            1.3789883450668292,
            -0.4763575726045305,
            -5.343487640494576
        ],
        [
            -3.81453294949902,
            -0.5560071427417597,
            0.9323425686223371,
            -1.5248559916694253,
            3.091960046770685
        ],
        [
            3.447109361516965,
            -3.7145964303320667,
            -5.419297807422441,
            -0.19010130433071953,
            1.6245912363652317
        ],
        [
            -3.3187219903531755,
            1.3188579956407225,
            -5.716458196451052,
            7.049716517280398,
            -1.7460100410109094
        ],
        [
            -1.4593442999633826,
            -3.139793117539378,
            1.6894108696475754,
            0.22465797212131872,
            0.41385511877723663
        ],
        [
            0.8950945385391323,
            3.661157512336335,
            -4.861756892005183,
            -3.9355043554794036,
            1.5404100583564317
        ],
        [
            -3.8729500157922208,
            0.5242553363149587,
            -1.8085275546297772,
            -1.5949932228253718,
            -0.4439323944563307
        ],
        [
            -2.6589010289433146,
            -3.8032490018786893,
            2.9830766092548378,
            0.02917070924937381,
            0.7074822411834423
        ],
        [
            3.1465656734739813,
            -5.692901113011519,
            -2.3883949083437046,
            3.0629487873289927,
            -3.154235151445056
        ]
    ],
    "synapse1": [
        [
            3.8188219425710863,
            1.2695477890680593,
            0.9880904750036784,
            -3.130381196114099,
            -4.878330491343381,
            -0.2913726187094493,
            -1.1756621951860948,
            0.00039283391853516556,
            0.6643495202952081,
            -2.484972578124861
        ],
        [
            0.8202014714995688,
            0.5832261236154037,
            -1.1941731759332719,
            1.0897886039608828,
            -1.6187748664298047,
            0.2356663890346185,
            0.28221970530622864,
            -0.4557584302152888,
            -1.0643425787406375,
            0.20008442422427464
        ],
        [
            1.5833015800440569,
            1.1493102742606913,
            -0.9762293190778251,
            0.7181989625176243,
            0.07922825176642921,
            0.6839446956855152,
            -0.3823014766884684,
            -1.4950285206410456,
            -1.0054556168019804,
            1.5601664529133479
        ],
        [
            0.17850611035907363,
            0.05500237283198281,
            0.3127013849046906,
            0.39988430112503104,
            -0.28979582492470307,
            -0.47423736931006394,
            0.8206119559351381,
            0.09611325668794651,
            -1.3085399012427206,
            1.3041700759444577
        ],
        [
            2.4666785663300503,
            0.42796936167446176,
            0.09530783446385956,
            0.19443984619864135,
            -0.4632089669411369,
            -0.9584558472956073,
            2.704513402160209,
            0.2332722283485525,
            -1.5169716181554354,
            -2.6125937673241784
        ],
        [
            -1.4461495892687253,
            0.3108309795862467,
            -0.6086092573715414,
            -0.3323805879221293,
            1.396662865460698,
            -1.0772909788875802,
            0.4538946219233993,
            -0.1570196102076255,
            -0.10551243545057554,
            0.7949455280812279
        ],
        [
            0.7075685683830819,
            0.6198485687763735,
            0.5753217921563883,
            -0.954664766246014,
            -2.10960049727633,
            0.7249755737779866,
            -0.33965810636826066,
            -0.15711536577266366,
            1.3779046157658696,
            -0.17743848050251432
        ],
        [
            1.516353286341726,
            -0.20855063403525054,
            -1.296267973862285,
            1.153021787057416,
            -0.6805807126947055,
            -0.6833988683410019,
            1.040693806152213,
            -0.8246754959075444,
            -0.20096559821917517,
            1.2404250657034406
        ],
        [
            0.210069890214425,
            0.7003293277733877,
            0.14036573643148276,
            -0.4993012747497041,
            1.1987548286333036,
            1.156056142903687,
            -1.2277700686609707,
            0.8263149517495264,
            0.5857205284058293,
            0.11216563039503456
        ],
        [
            -1.255391559102569,
            0.8521384311205952,
            -0.13204122241176905,
            0.29330532210767946,
            1.2297901524225858,
            -0.7099621086356729,
            1.1124184520639033,
            0.6968822133253204,
            -1.2783828551948255,
            0.6297186352808126
        ],
        [
            1.1561895142716239,
            0.8458527976524559,
            0.9584056753224471,
            -1.0684837852948292,
            -0.39243711332892245,
            0.8999029935305685,
            -1.6356049111147226,
            0.6719808775982364,
            0.8705089388180643,
            0.6440971393964741
        ],
        [
            -1.8273954638726906,
            -1.4598075508103865,
            2.441254531990516,
            1.0359761507811742,
            -0.9227306370906948,
            0.7540353584119225,
            1.3157840007424706,
            1.3747435182508854,
            1.1736325154736778,
            -2.1270920207059714
        ],
        [
            -1.4451232373297282,
            -0.9944181125381087,
            -0.975252513330072,
            -0.37105177146049034,
            2.133572444265795,
            -0.10635394043841884,
            0.4113033683109049,
            1.2335850246999593,
            -1.0357768790173174,
            -0.046203833938361506
        ],
        [
            0.8810679986825481,
            1.455691454311608,
            -0.4527602298523563,
            -0.42446621161573933,
            0.12533095869545924,
            -0.548158714892827,
            0.7998870365977211,
            -0.744485927270213,
            0.024493904627370562,
            1.2826723804769065
        ],
        [
            0.6317658858764134,
            -0.7318815182526155,
            -0.48199935881945943,
            0.7568196801002204,
            -2.1151116649367054,
            -0.661278382477892,
            0.8927370469678414,
            -0.13867289458209467,
            -0.1776892980975919,
            -0.7582114432750358
        ],
        [
            -1.4125937328182059,
            1.3875375736627222,
            -0.2253182077833073,
            -0.7905114893834072,
            1.1635505342438983,
            0.85193541466174,
            -1.6930934861849245,
            0.05935271199926785,
            1.1988775109455712,
            0.5624317929568692
        ],
        [
            0.18924497406114377,
            0.5040393862097272,
            -0.3349092316010178,
            1.196201008738726,
            -1.162351597373615,
            -0.9769548582200485,
            -0.6742790672013925,
            -0.547516993524503,
            -0.48993088118482436,
            0.9261319691754877
        ],
        [
            -0.8501586863649547,
            0.9303922225313505,
            0.1276249491199431,
            -0.10319156141948368,
            1.515412985135815,
            0.30665279269128554,
            0.6441251978457343,
