{
    "synapse0": [
        [
            -1.8972082544889366,
            -1.087988304549852,
            2.0129917112286884,
            -1.859938478775027
        ],
        [
            -0.21503012673821645,
            -0.45760766958614346,
            -0.06295758915407126,
            -0.29321955346278783
        ],
        [
            0.16526377979108894,
            0.8422930667342329,
            -0.4680407188004723,
            -0.9609078197830873
        ],
        [
            -0.05131028159173577,
            -0.2702065832640072,
            -0.17215904816102812,
            -0.3660281764201173
        ],
        [
            0.21190077070475447,
            0.6290918600991394,
            0.6596188081478555,
            -1.0496403640293432
        ],
        [
            -1.8323663188612225,
            -1.615575557558795,
            -0.11120611085339156,
            -1.5100777903020213
        ],
        [
            -0.6729572489065067,
            -0.9464243740824938,
            1.2490099913377872,
            -0.738377413691735
        ],
        [
            -1.6944327986634153,
            -1.1410555741863295,
            1.0393943656357478,
            -0.1215904174946377
        ],
        [
            -1.1760550704514732,
            -1.9374329047862042,
            1.6960154986375153,
            -1.8913487490862844
        ],
        [
            -0.7719182513495146,
            -1.217195836078944,
            1.9771938095328534,
            -1.0569098201849874
        ]
    ],
    "synapse1": [
        [
            0.5051293574935651,
            0.12468864593443733,
            -1.0976069327511626,
            -0.8008090406605566,
            -0.5995712679310105,
            0.21591704891710267,
            -0.3963806307088199,
            0.400149686288528,
            0.7798364445944935,
            0.6591791446057542
        ],
        [
            0.22960412955322598,
            0.235199348675091,
            -0.624384325563977,
            0.5602492747443436,
            -0.8785743706782398,
            0.6089663604579472,
            -0.11705446742434472,
            0.2690898706244752,
            -0.36026589277965554,
            -0.5433167689487293
        ],
        [
            0.9927042380977218,
            0.8012834993203571,
            -0.40644046870852635,
            0.18865963330108468,
            0.8194287475179844,
            1.057244667108832,
            -0.7815756494190432,
            -0.7701802198012725,
            -0.3013789308409852,
            0.8167652597403394
        ],
        [
            -0.4120912315872561,
            -0.293024402108325,
            0.882490235273992,
            -0.12965502809150933,
            0.45040467082685337,
            -0.1009373978867316,
            0.4213377832045692,
            0.8209615575277086,
            -0.6044632152817441,
            0.5607688827714481
        ],
        [
            1.2575924251547803,
            0.3156106199282268,
            -0.5036588732300213,
            0.3690700690162955,
            -0.7532814793358672,
            0.6589955716301812,
            0.9999540248806293,
            0.1445463152168197,
            0.20289194327595514,
            -0.21887743204592572
        ],
        [
            -0.5700509835127574,
            0.22243141376135397,
            -0.6100325930268938,
            -0.6648922792930948,
            0.04979676148658609,
            -0.6252435696646965,
            0.19657113882542712,
            -0.5548326364554169,
            0.537571303836441,
            0.45999697292337327
        ],
        [
            -0.4041160415977046,
            -0.3071276764792927,
            0.3555114904284782,
            -0.3676270589837403,
            -0.8334426391819179,
            0.3398241519321666,
            0.3759252182809795,
            0.18148843784958568,
            1.2481497420115035,
            0.23359033388550482
        ],
        [
            1.477889178664184,
            -1.0410109326573975,
            -0.8192829878843286,
            0.20930839149482086,
            -0.09772937559416042,
            0.36194825361337907,
            1.0861161073279146,
            0.40455995169344583,
            1.4879257024054189,
            1.0335416472999404
        ],
        [
            1.1578272831582392,
            0.11210476199278875,
            0.46859604302766233,
            -0.49818891408186505,
            -0.3934937735440412,
            1.059803776493271,
            -0.09548169241600761,
            1.0813903080297298,
            0.6858432256667685,
            0.3038716932997545
        ],
        [
            -0.37929295334660573,
            0.7637388652957046,
            -0.13346455806713886,
            -0.039206369263281124,
            -0.11707595155152618,
            -0.25791469941280104,
            0.8550949689659085,
            0.2990691870775435,
            -0.6352991159078097,
            0.29477008012295874
        ]
    ],
    "word": [
        "train",
        "in",
        "too",
        "old",
        "dirty",
        "and",
        "acceiv",
        "is",
        "not",
        "condit"
    ]
}